"id","label"
20800,"0"
20801,"1"
20802,"0"
20803,"0"
20804,"1"
20805,"1"
20806,"0"
20807,"0"
20808,"0"
20809,"0"
20810,"0"
20811,"1"
20812,"0"
20813,"0"
20814,"1"
20815,"0"
20816,"0"
20817,"0"
20818,"0"
20819,"0"
20820,"1"
20821,"0"
20822,"0"
20823,"1"
20824,"0"
20825,"0"
20826,"1"
20827,"0"
20828,"0"
20829,"0"
20830,"0"
20831,"0"
20832,"0"
20833,"0"
20834,"1"
20835,"0"
20836,"0"
20837,"0"
20838,"0"
20839,"0"
20840,"0"
20841,"0"
20842,"1"
20843,"0"
20844,"0"
20845,"0"
20846,"0"
20847,"0"
20848,"0"
20849,"0"
20850,"0"
20851,"0"
20852,"0"
20853,"0"
20854,"1"
20855,"0"
20856,"0"
20857,"0"
20858,"0"
20859,"0"
20860,"1"
20861,"0"
20862,"0"
20863,"0"
20864,"0"
20865,"0"
20866,"0"
20867,"0"
20868,"0"
20869,"0"
20870,"0"
20871,"1"
20872,"0"
20873,"0"
20874,"0"
20875,"0"
20876,"0"
20877,"0"
20878,"0"
20879,"0"
20880,"0"
20881,"1"
20882,"0"
20883,"1"
20884,"0"
20885,"1"
20886,"1"
20887,"0"
20888,"0"
20889,"0"
20890,"0"
20891,"0"
20892,"0"
20893,"0"
20894,"0"
20895,"0"
20896,"0"
20897,"0"
20898,"0"
20899,"0"
20900,"1"
20901,"0"
20902,"0"
20903,"0"
20904,"0"
20905,"0"
20906,"0"
20907,"0"
20908,"0"
20909,"1"
20910,"0"
20911,"0"
20912,"0"
20913,"0"
20914,"0"
20915,"0"
20916,"0"
20917,"0"
20918,"0"
20919,"0"
20920,"0"
20921,"0"
20922,"0"
20923,"0"
20924,"1"
20925,"0"
20926,"0"
20927,"0"
20928,"0"
20929,"0"
20930,"1"
20931,"0"
20932,"0"
20933,"0"
20934,"0"
20935,"0"
20936,"0"
20937,"0"
20938,"0"
20939,"0"
20940,"0"
20941,"1"
20942,"0"
20943,"0"
20944,"0"
20945,"0"
20946,"1"
20947,"0"
20948,"0"
20949,"0"
20950,"0"
20951,"0"
20952,"0"
20953,"0"
20954,"0"
20955,"1"
20956,"0"
20957,"1"
20958,"0"
20959,"0"
20960,"0"
20961,"0"
20962,"0"
20963,"0"
20964,"0"
20965,"0"
20966,"0"
20967,"1"
20968,"0"
20969,"0"
20970,"0"
20971,"0"
20972,"0"
20973,"0"
20974,"0"
20975,"0"
20976,"0"
20977,"0"
20978,"0"
20979,"0"
20980,"0"
20981,"0"
20982,"0"
20983,"0"
20984,"0"
20985,"1"
20986,"0"
20987,"0"
20988,"1"
20989,"0"
20990,"1"
20991,"0"
20992,"0"
20993,"0"
20994,"1"
20995,"0"
20996,"0"
20997,"0"
20998,"1"
20999,"0"
21000,"0"
21001,"0"
21002,"0"
21003,"0"
21004,"0"
21005,"0"
21006,"0"
21007,"0"
21008,"0"
21009,"0"
21010,"0"
21011,"0"
21012,"0"
21013,"0"
21014,"0"
21015,"1"
21016,"1"
21017,"0"
21018,"0"
21019,"1"
21020,"0"
21021,"1"
21022,"0"
21023,"0"
21024,"0"
21025,"1"
21026,"0"
21027,"1"
21028,"0"
21029,"0"
21030,"0"
21031,"0"
21032,"0"
21033,"0"
21034,"0"
21035,"0"
21036,"0"
21037,"0"
21038,"1"
21039,"0"
21040,"1"
21041,"0"
21042,"0"
21043,"0"
21044,"0"
21045,"0"
21046,"0"
21047,"0"
21048,"0"
21049,"1"
21050,"1"
21051,"0"
21052,"0"
21053,"0"
21054,"0"
21055,"0"
21056,"0"
21057,"1"
21058,"0"
21059,"0"
21060,"0"
21061,"0"
21062,"0"
21063,"0"
21064,"0"
21065,"0"
21066,"0"
21067,"0"
21068,"0"
21069,"0"
21070,"0"
21071,"0"
21072,"0"
21073,"0"
21074,"0"
21075,"0"
21076,"0"
21077,"0"
21078,"0"
21079,"0"
21080,"1"
21081,"0"
21082,"0"
21083,"0"
21084,"1"
21085,"0"
21086,"0"
21087,"0"
21088,"0"
21089,"1"
21090,"0"
21091,"0"
21092,"0"
21093,"0"
21094,"0"
21095,"0"
21096,"1"
21097,"0"
21098,"0"
21099,"0"
21100,"0"
21101,"0"
21102,"0"
21103,"0"
21104,"0"
21105,"0"
21106,"1"
21107,"1"
21108,"0"
21109,"0"
21110,"0"
21111,"0"
21112,"0"
21113,"0"
21114,"0"
21115,"1"
21116,"0"
21117,"0"
21118,"0"
21119,"0"
21120,"0"
21121,"0"
21122,"0"
21123,"1"
21124,"0"
21125,"1"
21126,"0"
21127,"0"
21128,"0"
21129,"0"
21130,"0"
21131,"0"
21132,"0"
21133,"1"
21134,"0"
21135,"0"
21136,"0"
21137,"0"
21138,"0"
21139,"0"
21140,"0"
21141,"0"
21142,"1"
21143,"0"
21144,"1"
21145,"0"
21146,"1"
21147,"0"
21148,"0"
21149,"0"
21150,"0"
21151,"0"
21152,"0"
21153,"0"
21154,"0"
21155,"0"
21156,"0"
21157,"0"
21158,"0"
21159,"0"
21160,"0"
21161,"0"
21162,"0"
21163,"1"
21164,"0"
21165,"0"
21166,"0"
21167,"0"
21168,"0"
21169,"0"
21170,"0"
21171,"1"
21172,"0"
21173,"0"
21174,"1"
21175,"0"
21176,"0"
21177,"0"
21178,"0"
21179,"0"
21180,"0"
21181,"0"
21182,"0"
21183,"0"
21184,"0"
21185,"0"
21186,"0"
21187,"0"
21188,"0"
21189,"0"
21190,"0"
21191,"0"
21192,"0"
21193,"0"
21194,"0"
21195,"0"
21196,"0"
21197,"0"
21198,"0"
21199,"0"
21200,"0"
21201,"0"
21202,"0"
21203,"0"
21204,"1"
21205,"0"
21206,"0"
21207,"0"
21208,"0"
21209,"0"
21210,"0"
21211,"1"
21212,"1"
21213,"0"
21214,"0"
21215,"0"
21216,"0"
21217,"0"
21218,"0"
21219,"0"
21220,"0"
21221,"0"
21222,"0"
21223,"0"
21224,"0"
21225,"0"
21226,"0"
21227,"1"
21228,"0"
21229,"0"
21230,"0"
21231,"0"
21232,"0"
21233,"0"
21234,"0"
21235,"0"
21236,"0"
21237,"1"
21238,"1"
21239,"0"
21240,"0"
21241,"0"
21242,"0"
21243,"0"
21244,"0"
21245,"0"
21246,"0"
21247,"1"
21248,"0"
21249,"0"
21250,"0"
21251,"0"
21252,"0"
21253,"1"
21254,"0"
21255,"0"
21256,"0"
21257,"0"
21258,"0"
21259,"0"
21260,"0"
21261,"0"
21262,"0"
21263,"0"
21264,"0"
21265,"0"
21266,"0"
21267,"0"
21268,"0"
21269,"0"
21270,"0"
21271,"0"
21272,"0"
21273,"0"
21274,"0"
21275,"0"
21276,"0"
21277,"0"
21278,"0"
21279,"0"
21280,"0"
21281,"0"
21282,"0"
21283,"0"
21284,"0"
21285,"0"
21286,"0"
21287,"0"
21288,"0"
21289,"0"
21290,"0"
21291,"0"
21292,"0"
21293,"0"
21294,"0"
21295,"0"
21296,"0"
21297,"1"
21298,"1"
21299,"1"
21300,"0"
21301,"0"
21302,"0"
21303,"0"
21304,"0"
21305,"1"
21306,"0"
21307,"0"
21308,"0"
21309,"0"
21310,"1"
21311,"0"
21312,"0"
21313,"0"
21314,"0"
21315,"0"
21316,"0"
21317,"0"
21318,"0"
21319,"0"
21320,"1"
21321,"0"
21322,"0"
21323,"0"
21324,"0"
21325,"1"
21326,"0"
21327,"0"
21328,"1"
21329,"0"
21330,"0"
21331,"0"
21332,"0"
21333,"0"
21334,"0"
21335,"0"
21336,"0"
21337,"0"
21338,"0"
21339,"0"
21340,"0"
21341,"0"
21342,"0"
21343,"0"
21344,"0"
21345,"0"
21346,"0"
21347,"0"
21348,"0"
21349,"0"
21350,"0"
21351,"0"
21352,"0"
21353,"0"
21354,"1"
21355,"0"
21356,"1"
21357,"0"
21358,"0"
21359,"0"
21360,"0"
21361,"0"
21362,"0"
21363,"0"
21364,"1"
21365,"0"
21366,"0"
21367,"1"
21368,"0"
21369,"0"
21370,"0"
21371,"0"
21372,"0"
21373,"0"
21374,"0"
21375,"0"
21376,"0"
21377,"1"
21378,"1"
21379,"0"
21380,"0"
21381,"0"
21382,"0"
21383,"1"
21384,"0"
21385,"1"
21386,"0"
21387,"0"
21388,"0"
21389,"0"
21390,"0"
21391,"0"
21392,"0"
21393,"0"
21394,"0"
21395,"0"
21396,"0"
21397,"0"
21398,"0"
21399,"0"
21400,"0"
21401,"0"
21402,"1"
21403,"0"
21404,"0"
21405,"0"
21406,"0"
21407,"0"
21408,"0"
21409,"1"
21410,"0"
21411,"0"
21412,"0"
21413,"0"
21414,"0"
21415,"0"
21416,"0"
21417,"0"
21418,"0"
21419,"0"
21420,"0"
21421,"0"
21422,"1"
21423,"0"
21424,"0"
21425,"0"
21426,"0"
21427,"0"
21428,"0"
21429,"0"
21430,"0"
21431,"0"
21432,"0"
21433,"1"
21434,"0"
21435,"0"
21436,"0"
21437,"0"
21438,"0"
21439,"1"
21440,"0"
21441,"0"
21442,"0"
21443,"0"
21444,"0"
21445,"0"
21446,"0"
21447,"0"
21448,"0"
21449,"0"
21450,"1"
21451,"0"
21452,"0"
21453,"0"
21454,"0"
21455,"0"
21456,"0"
21457,"1"
21458,"0"
21459,"0"
21460,"1"
21461,"0"
21462,"0"
21463,"0"
21464,"0"
21465,"0"
21466,"0"
21467,"0"
21468,"0"
21469,"0"
21470,"0"
21471,"1"
21472,"0"
21473,"0"
21474,"0"
21475,"0"
21476,"0"
21477,"0"
21478,"0"
21479,"0"
21480,"1"
21481,"0"
21482,"0"
21483,"0"
21484,"0"
21485,"0"
21486,"0"
21487,"1"
21488,"0"
21489,"0"
21490,"0"
21491,"0"
21492,"0"
21493,"0"
21494,"0"
21495,"0"
21496,"0"
21497,"0"
21498,"0"
21499,"0"
21500,"0"
21501,"0"
21502,"0"
21503,"0"
21504,"0"
21505,"0"
21506,"0"
21507,"0"
21508,"0"
21509,"0"
21510,"0"
21511,"0"
21512,"0"
21513,"1"
21514,"0"
21515,"0"
21516,"0"
21517,"0"
21518,"0"
21519,"0"
21520,"1"
21521,"0"
21522,"0"
21523,"1"
21524,"0"
21525,"0"
21526,"0"
21527,"0"
21528,"0"
21529,"0"
21530,"0"
21531,"0"
21532,"0"
21533,"0"
21534,"0"
21535,"0"
21536,"0"
21537,"1"
21538,"0"
21539,"0"
21540,"1"
21541,"1"
21542,"0"
21543,"0"
21544,"0"
21545,"0"
21546,"1"
21547,"0"
21548,"0"
21549,"0"
21550,"1"
21551,"0"
21552,"0"
21553,"1"
21554,"1"
21555,"1"
21556,"0"
21557,"0"
21558,"0"
21559,"1"
21560,"0"
21561,"0"
21562,"0"
21563,"0"
21564,"1"
21565,"1"
21566,"0"
21567,"0"
21568,"0"
21569,"0"
21570,"0"
21571,"0"
21572,"0"
21573,"0"
21574,"0"
21575,"0"
21576,"0"
21577,"1"
21578,"0"
21579,"0"
21580,"0"
21581,"0"
21582,"0"
21583,"0"
21584,"1"
21585,"0"
21586,"0"
21587,"0"
21588,"0"
21589,"0"
21590,"0"
21591,"0"
21592,"0"
21593,"1"
21594,"0"
21595,"0"
21596,"0"
21597,"1"
21598,"0"
21599,"1"
21600,"0"
21601,"0"
21602,"1"
21603,"0"
21604,"0"
21605,"0"
21606,"0"
21607,"1"
21608,"0"
21609,"0"
21610,"1"
21611,"1"
21612,"1"
21613,"0"
21614,"0"
21615,"0"
21616,"0"
21617,"0"
21618,"0"
21619,"0"
21620,"0"
21621,"1"
21622,"0"
21623,"0"
21624,"0"
21625,"0"
21626,"0"
21627,"0"
21628,"0"
21629,"1"
21630,"0"
21631,"0"
21632,"0"
21633,"1"
21634,"0"
21635,"0"
21636,"0"
21637,"1"
21638,"1"
21639,"1"
21640,"1"
21641,"1"
21642,"0"
21643,"0"
21644,"0"
21645,"0"
21646,"0"
21647,"0"
21648,"0"
21649,"0"
21650,"0"
21651,"0"
21652,"1"
21653,"0"
21654,"1"
21655,"0"
21656,"0"
21657,"0"
21658,"0"
21659,"0"
21660,"0"
21661,"1"
21662,"0"
21663,"0"
21664,"0"
21665,"0"
21666,"0"
21667,"1"
21668,"0"
21669,"1"
21670,"0"
21671,"0"
21672,"0"
21673,"1"
21674,"0"
21675,"0"
21676,"0"
21677,"0"
21678,"1"
21679,"0"
21680,"0"
21681,"0"
21682,"0"
21683,"0"
21684,"1"
21685,"0"
21686,"0"
21687,"0"
21688,"0"
21689,"1"
21690,"0"
21691,"0"
21692,"0"
21693,"0"
21694,"0"
21695,"0"
21696,"0"
21697,"0"
21698,"0"
21699,"0"
21700,"1"
21701,"0"
21702,"0"
21703,"0"
21704,"1"
21705,"1"
21706,"0"
21707,"0"
21708,"0"
21709,"0"
21710,"0"
21711,"0"
21712,"0"
21713,"0"
21714,"1"
21715,"1"
21716,"0"
21717,"0"
21718,"0"
21719,"0"
21720,"0"
21721,"0"
21722,"0"
21723,"0"
21724,"0"
21725,"0"
21726,"0"
21727,"0"
21728,"0"
21729,"1"
21730,"1"
21731,"0"
21732,"0"
21733,"0"
21734,"0"
21735,"0"
21736,"0"
21737,"0"
21738,"0"
21739,"0"
21740,"0"
21741,"1"
21742,"0"
21743,"0"
21744,"0"
21745,"0"
21746,"0"
21747,"1"
21748,"0"
21749,"0"
21750,"0"
21751,"0"
21752,"0"
21753,"0"
21754,"1"
21755,"0"
21756,"1"
21757,"0"
21758,"0"
21759,"0"
21760,"0"
21761,"0"
21762,"0"
21763,"1"
21764,"0"
21765,"0"
21766,"1"
21767,"0"
21768,"0"
21769,"0"
21770,"0"
21771,"0"
21772,"0"
21773,"0"
21774,"1"
21775,"0"
21776,"0"
21777,"0"
21778,"0"
21779,"0"
21780,"0"
21781,"0"
21782,"0"
21783,"0"
21784,"0"
21785,"0"
21786,"0"
21787,"0"
21788,"0"
21789,"0"
21790,"1"
21791,"0"
21792,"0"
21793,"0"
21794,"1"
21795,"0"
21796,"1"
21797,"0"
21798,"1"
21799,"0"
21800,"0"
21801,"1"
21802,"0"
21803,"0"
21804,"0"
21805,"0"
21806,"0"
21807,"0"
21808,"0"
21809,"0"
21810,"1"
21811,"1"
21812,"0"
21813,"0"
21814,"0"
21815,"0"
21816,"1"
21817,"0"
21818,"0"
21819,"0"
21820,"0"
21821,"0"
21822,"0"
21823,"0"
21824,"1"
21825,"0"
21826,"0"
21827,"0"
21828,"1"
21829,"0"
21830,"0"
21831,"0"
21832,"0"
21833,"0"
21834,"0"
21835,"1"
21836,"0"
21837,"1"
21838,"0"
21839,"1"
21840,"0"
21841,"0"
21842,"0"
21843,"0"
21844,"1"
21845,"0"
21846,"0"
21847,"1"
21848,"1"
21849,"0"
21850,"1"
21851,"0"
21852,"0"
21853,"0"
21854,"1"
21855,"0"
21856,"0"
21857,"0"
21858,"0"
21859,"0"
21860,"0"
21861,"0"
21862,"1"
21863,"0"
21864,"0"
21865,"0"
21866,"0"
21867,"0"
21868,"0"
21869,"1"
21870,"0"
21871,"0"
21872,"0"
21873,"1"
21874,"0"
21875,"1"
21876,"0"
21877,"0"
21878,"0"
21879,"0"
21880,"0"
21881,"0"
21882,"0"
21883,"0"
21884,"0"
21885,"1"
21886,"0"
21887,"0"
21888,"0"
21889,"0"
21890,"0"
21891,"0"
21892,"1"
21893,"0"
21894,"0"
21895,"0"
21896,"0"
21897,"0"
21898,"1"
21899,"0"
21900,"0"
21901,"0"
21902,"1"
21903,"1"
21904,"0"
21905,"1"
21906,"0"
21907,"1"
21908,"0"
21909,"0"
21910,"0"
21911,"0"
21912,"0"
21913,"0"
21914,"0"
21915,"0"
21916,"0"
21917,"0"
21918,"0"
21919,"0"
21920,"0"
21921,"0"
21922,"0"
21923,"0"
21924,"0"
21925,"1"
21926,"0"
21927,"0"
21928,"0"
21929,"0"
21930,"0"
21931,"1"
21932,"1"
21933,"0"
21934,"0"
21935,"0"
21936,"1"
21937,"0"
21938,"1"
21939,"1"
21940,"0"
21941,"0"
21942,"1"
21943,"1"
21944,"0"
21945,"1"
21946,"0"
21947,"0"
21948,"0"
21949,"0"
21950,"0"
21951,"0"
21952,"0"
21953,"0"
21954,"0"
21955,"0"
21956,"0"
21957,"0"
21958,"0"
21959,"0"
21960,"1"
21961,"0"
21962,"0"
21963,"0"
21964,"0"
21965,"0"
21966,"0"
21967,"0"
21968,"0"
21969,"0"
21970,"0"
21971,"0"
21972,"0"
21973,"0"
21974,"0"
21975,"1"
21976,"1"
21977,"0"
21978,"0"
21979,"0"
21980,"0"
21981,"1"
21982,"0"
21983,"0"
21984,"0"
21985,"1"
21986,"0"
21987,"0"
21988,"0"
21989,"0"
21990,"0"
21991,"0"
21992,"1"
21993,"0"
21994,"0"
21995,"0"
21996,"0"
21997,"0"
21998,"0"
21999,"0"
22000,"0"
22001,"0"
22002,"0"
22003,"0"
22004,"1"
22005,"0"
22006,"0"
22007,"0"
22008,"0"
22009,"0"
22010,"0"
22011,"1"
22012,"0"
22013,"0"
22014,"0"
22015,"0"
22016,"0"
22017,"0"
22018,"0"
22019,"1"
22020,"0"
22021,"0"
22022,"0"
22023,"0"
22024,"0"
22025,"0"
22026,"0"
22027,"0"
22028,"0"
22029,"0"
22030,"1"
22031,"1"
22032,"0"
22033,"0"
22034,"0"
22035,"0"
22036,"0"
22037,"0"
22038,"0"
22039,"0"
22040,"0"
22041,"0"
22042,"0"
22043,"1"
22044,"0"
22045,"1"
22046,"1"
22047,"0"
22048,"0"
22049,"1"
22050,"0"
22051,"0"
22052,"0"
22053,"1"
22054,"1"
22055,"0"
22056,"0"
22057,"1"
22058,"0"
22059,"1"
22060,"0"
22061,"1"
22062,"0"
22063,"0"
22064,"0"
22065,"0"
22066,"0"
22067,"0"
22068,"0"
22069,"0"
22070,"0"
22071,"1"
22072,"1"
22073,"0"
22074,"1"
22075,"0"
22076,"0"
22077,"0"
22078,"0"
22079,"0"
22080,"0"
22081,"0"
22082,"0"
22083,"0"
22084,"0"
22085,"0"
22086,"0"
22087,"1"
22088,"0"
22089,"0"
22090,"0"
22091,"0"
22092,"0"
22093,"0"
22094,"0"
22095,"0"
22096,"0"
22097,"0"
22098,"0"
22099,"0"
22100,"0"
22101,"0"
22102,"0"
22103,"0"
22104,"0"
22105,"1"
22106,"0"
22107,"0"
22108,"1"
22109,"0"
22110,"0"
22111,"1"
22112,"0"
22113,"1"
22114,"0"
22115,"0"
22116,"0"
22117,"0"
22118,"0"
22119,"0"
22120,"1"
22121,"1"
22122,"0"
22123,"0"
22124,"0"
22125,"0"
22126,"0"
22127,"1"
22128,"0"
22129,"0"
22130,"1"
22131,"1"
22132,"0"
22133,"0"
22134,"0"
22135,"0"
22136,"0"
22137,"0"
22138,"1"
22139,"0"
22140,"0"
22141,"0"
22142,"0"
22143,"0"
22144,"0"
22145,"0"
22146,"0"
22147,"0"
22148,"0"
22149,"0"
22150,"0"
22151,"0"
22152,"0"
22153,"0"
22154,"0"
22155,"0"
22156,"0"
22157,"0"
22158,"0"
22159,"1"
22160,"0"
22161,"0"
22162,"0"
22163,"0"
22164,"0"
22165,"0"
22166,"0"
22167,"0"
22168,"1"
22169,"1"
22170,"0"
22171,"0"
22172,"0"
22173,"0"
22174,"0"
22175,"0"
22176,"0"
22177,"0"
22178,"0"
22179,"0"
22180,"0"
22181,"0"
22182,"0"
22183,"0"
22184,"1"
22185,"0"
22186,"1"
22187,"0"
22188,"0"
22189,"0"
22190,"1"
22191,"0"
22192,"1"
22193,"1"
22194,"0"
22195,"1"
22196,"0"
22197,"0"
22198,"0"
22199,"0"
22200,"0"
22201,"0"
22202,"0"
22203,"0"
22204,"1"
22205,"0"
22206,"0"
22207,"0"
22208,"0"
22209,"1"
22210,"0"
22211,"1"
22212,"0"
22213,"0"
22214,"1"
22215,"0"
22216,"0"
22217,"0"
22218,"0"
22219,"0"
22220,"0"
22221,"0"
22222,"0"
22223,"1"
22224,"0"
22225,"0"
22226,"0"
22227,"0"
22228,"1"
22229,"0"
22230,"1"
22231,"0"
22232,"0"
22233,"0"
22234,"0"
22235,"0"
22236,"0"
22237,"0"
22238,"0"
22239,"0"
22240,"0"
22241,"0"
22242,"0"
22243,"0"
22244,"1"
22245,"0"
22246,"0"
22247,"0"
22248,"1"
22249,"0"
22250,"0"
22251,"0"
22252,"1"
22253,"1"
22254,"0"
22255,"0"
22256,"0"
22257,"0"
22258,"1"
22259,"1"
22260,"0"
22261,"0"
22262,"0"
22263,"0"
22264,"0"
22265,"1"
22266,"0"
22267,"0"
22268,"0"
22269,"0"
22270,"0"
22271,"0"
22272,"0"
22273,"0"
22274,"0"
22275,"0"
22276,"1"
22277,"0"
22278,"0"
22279,"0"
22280,"0"
22281,"0"
22282,"1"
22283,"0"
22284,"0"
22285,"0"
22286,"1"
22287,"0"
22288,"0"
22289,"1"
22290,"0"
22291,"0"
22292,"0"
22293,"0"
22294,"0"
22295,"0"
22296,"0"
22297,"1"
22298,"0"
22299,"0"
22300,"0"
22301,"1"
22302,"0"
22303,"0"
22304,"0"
22305,"0"
22306,"0"
22307,"0"
22308,"0"
22309,"0"
22310,"0"
22311,"0"
22312,"0"
22313,"1"
22314,"0"
22315,"0"
22316,"0"
22317,"0"
22318,"0"
22319,"0"
22320,"0"
22321,"1"
22322,"0"
22323,"0"
22324,"0"
22325,"1"
22326,"1"
22327,"0"
22328,"0"
22329,"1"
22330,"1"
22331,"0"
22332,"0"
22333,"1"
22334,"0"
22335,"0"
22336,"0"
22337,"0"
22338,"1"
22339,"0"
22340,"0"
22341,"0"
22342,"0"
22343,"0"
22344,"0"
22345,"0"
22346,"0"
22347,"1"
22348,"0"
22349,"0"
22350,"0"
22351,"0"
22352,"0"
22353,"1"
22354,"0"
22355,"0"
22356,"0"
22357,"0"
22358,"1"
22359,"0"
22360,"0"
22361,"0"
22362,"0"
22363,"0"
22364,"0"
22365,"0"
22366,"0"
22367,"0"
22368,"0"
22369,"0"
22370,"0"
22371,"0"
22372,"0"
22373,"0"
22374,"0"
22375,"0"
22376,"0"
22377,"0"
22378,"0"
22379,"0"
22380,"0"
22381,"0"
22382,"1"
22383,"0"
22384,"0"
22385,"0"
22386,"0"
22387,"0"
22388,"0"
22389,"0"
22390,"0"
22391,"0"
22392,"0"
22393,"0"
22394,"0"
22395,"0"
22396,"0"
22397,"1"
22398,"0"
22399,"0"
22400,"0"
22401,"0"
22402,"0"
22403,"1"
22404,"0"
22405,"0"
22406,"1"
22407,"0"
22408,"0"
22409,"0"
22410,"0"
22411,"0"
22412,"0"
22413,"0"
22414,"1"
22415,"0"
22416,"0"
22417,"1"
22418,"1"
22419,"1"
22420,"0"
22421,"0"
22422,"0"
22423,"0"
22424,"0"
22425,"0"
22426,"0"
22427,"0"
22428,"0"
22429,"0"
22430,"0"
22431,"0"
22432,"0"
22433,"0"
22434,"0"
22435,"0"
22436,"0"
22437,"0"
22438,"1"
22439,"0"
22440,"0"
22441,"0"
22442,"1"
22443,"0"
22444,"1"
22445,"0"
22446,"0"
22447,"0"
22448,"0"
22449,"1"
22450,"1"
22451,"0"
22452,"0"
22453,"0"
22454,"0"
22455,"0"
22456,"1"
22457,"0"
22458,"0"
22459,"0"
22460,"0"
22461,"0"
22462,"0"
22463,"0"
22464,"0"
22465,"1"
22466,"0"
22467,"0"
22468,"0"
22469,"0"
22470,"0"
22471,"1"
22472,"0"
22473,"0"
22474,"0"
22475,"0"
22476,"0"
22477,"0"
22478,"0"
22479,"0"
22480,"1"
22481,"0"
22482,"0"
22483,"0"
22484,"0"
22485,"0"
22486,"1"
22487,"0"
22488,"0"
22489,"0"
22490,"0"
22491,"1"
22492,"0"
22493,"0"
22494,"0"
22495,"0"
22496,"0"
22497,"0"
22498,"0"
22499,"0"
22500,"0"
22501,"0"
22502,"0"
22503,"0"
22504,"0"
22505,"0"
22506,"0"
22507,"0"
22508,"1"
22509,"0"
22510,"0"
22511,"0"
22512,"0"
22513,"0"
22514,"1"
22515,"0"
22516,"0"
22517,"0"
22518,"1"
22519,"0"
22520,"0"
22521,"0"
22522,"0"
22523,"0"
22524,"1"
22525,"0"
22526,"0"
22527,"0"
22528,"0"
22529,"1"
22530,"1"
22531,"1"
22532,"0"
22533,"0"
22534,"0"
22535,"0"
22536,"0"
22537,"0"
22538,"0"
22539,"0"
22540,"0"
22541,"0"
22542,"0"
22543,"1"
22544,"0"
22545,"0"
22546,"0"
22547,"1"
22548,"0"
22549,"1"
22550,"0"
22551,"0"
22552,"0"
22553,"0"
22554,"0"
22555,"0"
22556,"0"
22557,"0"
22558,"0"
22559,"0"
22560,"0"
22561,"0"
22562,"1"
22563,"0"
22564,"0"
22565,"0"
22566,"0"
22567,"0"
22568,"0"
22569,"0"
22570,"0"
22571,"1"
22572,"0"
22573,"1"
22574,"0"
22575,"0"
22576,"0"
22577,"0"
22578,"0"
22579,"0"
22580,"0"
22581,"0"
22582,"0"
22583,"0"
22584,"0"
22585,"0"
22586,"0"
22587,"0"
22588,"0"
22589,"0"
22590,"0"
22591,"0"
22592,"0"
22593,"0"
22594,"0"
22595,"0"
22596,"0"
22597,"1"
22598,"0"
22599,"0"
22600,"0"
22601,"0"
22602,"0"
22603,"0"
22604,"0"
22605,"0"
22606,"0"
22607,"0"
22608,"0"
22609,"0"
22610,"0"
22611,"1"
22612,"0"
22613,"0"
22614,"0"
22615,"1"
22616,"0"
22617,"0"
22618,"1"
22619,"0"
22620,"0"
22621,"1"
22622,"0"
22623,"0"
22624,"0"
22625,"0"
22626,"0"
22627,"0"
22628,"0"
22629,"0"
22630,"1"
22631,"0"
22632,"0"
22633,"0"
22634,"0"
22635,"0"
22636,"0"
22637,"0"
22638,"0"
22639,"1"
22640,"1"
22641,"0"
22642,"0"
22643,"0"
22644,"0"
22645,"0"
22646,"0"
22647,"0"
22648,"0"
22649,"1"
22650,"1"
22651,"0"
22652,"0"
22653,"1"
22654,"1"
22655,"1"
22656,"0"
22657,"1"
22658,"0"
22659,"0"
22660,"0"
22661,"0"
22662,"0"
22663,"1"
22664,"0"
22665,"1"
22666,"0"
22667,"0"
22668,"0"
22669,"1"
22670,"0"
22671,"1"
22672,"1"
22673,"0"
22674,"1"
22675,"0"
22676,"1"
22677,"0"
22678,"0"
22679,"1"
22680,"0"
22681,"0"
22682,"1"
22683,"0"
22684,"0"
22685,"0"
22686,"0"
22687,"0"
22688,"0"
22689,"0"
22690,"0"
22691,"0"
22692,"1"
22693,"0"
22694,"0"
22695,"0"
22696,"0"
22697,"0"
22698,"0"
22699,"0"
22700,"0"
22701,"1"
22702,"0"
22703,"0"
22704,"0"
22705,"0"
22706,"0"
22707,"0"
22708,"0"
22709,"0"
22710,"0"
22711,"0"
22712,"0"
22713,"1"
22714,"0"
22715,"0"
22716,"1"
22717,"0"
22718,"0"
22719,"1"
22720,"0"
22721,"0"
22722,"1"
22723,"0"
22724,"0"
22725,"0"
22726,"0"
22727,"0"
22728,"0"
22729,"0"
22730,"1"
22731,"1"
22732,"0"
22733,"0"
22734,"1"
22735,"0"
22736,"1"
22737,"0"
22738,"0"
22739,"0"
22740,"0"
22741,"0"
22742,"0"
22743,"0"
22744,"0"
22745,"0"
22746,"0"
22747,"0"
22748,"0"
22749,"0"
22750,"0"
22751,"0"
22752,"0"
22753,"0"
22754,"0"
22755,"0"
22756,"0"
22757,"0"
22758,"0"
22759,"0"
22760,"0"
22761,"1"
22762,"1"
22763,"0"
22764,"0"
22765,"0"
22766,"0"
22767,"0"
22768,"0"
22769,"0"
22770,"1"
22771,"0"
22772,"0"
22773,"0"
22774,"0"
22775,"0"
22776,"0"
22777,"0"
22778,"0"
22779,"0"
22780,"0"
22781,"0"
22782,"0"
22783,"1"
22784,"1"
22785,"0"
22786,"0"
22787,"0"
22788,"0"
22789,"0"
22790,"1"
22791,"0"
22792,"0"
22793,"0"
22794,"0"
22795,"1"
22796,"0"
22797,"0"
22798,"0"
22799,"0"
22800,"0"
22801,"0"
22802,"0"
22803,"0"
22804,"0"
22805,"0"
22806,"0"
22807,"0"
22808,"0"
22809,"0"
22810,"0"
22811,"0"
22812,"0"
22813,"0"
22814,"0"
22815,"0"
22816,"0"
22817,"0"
22818,"0"
22819,"1"
22820,"0"
22821,"0"
22822,"0"
22823,"0"
22824,"0"
22825,"0"
22826,"0"
22827,"1"
22828,"0"
22829,"1"
22830,"0"
22831,"0"
22832,"0"
22833,"1"
22834,"0"
22835,"0"
22836,"1"
22837,"0"
22838,"0"
22839,"1"
22840,"1"
22841,"0"
22842,"0"
22843,"0"
22844,"0"
22845,"0"
22846,"0"
22847,"1"
22848,"0"
22849,"0"
22850,"0"
22851,"0"
22852,"0"
22853,"0"
22854,"0"
22855,"0"
22856,"0"
22857,"0"
22858,"0"
22859,"0"
22860,"0"
22861,"0"
22862,"0"
22863,"0"
22864,"0"
22865,"0"
22866,"1"
22867,"0"
22868,"0"
22869,"0"
22870,"0"
22871,"0"
22872,"0"
22873,"0"
22874,"0"
22875,"1"
22876,"0"
22877,"0"
22878,"0"
22879,"0"
22880,"1"
22881,"0"
22882,"0"
22883,"0"
22884,"0"
22885,"0"
22886,"0"
22887,"1"
22888,"0"
22889,"0"
22890,"0"
22891,"0"
22892,"1"
22893,"0"
22894,"0"
22895,"0"
22896,"0"
22897,"0"
22898,"0"
22899,"0"
22900,"0"
22901,"0"
22902,"0"
22903,"1"
22904,"0"
22905,"0"
22906,"0"
22907,"1"
22908,"1"
22909,"0"
22910,"0"
22911,"0"
22912,"0"
22913,"0"
22914,"0"
22915,"0"
22916,"0"
22917,"1"
22918,"0"
22919,"1"
22920,"0"
22921,"0"
22922,"0"
22923,"0"
22924,"0"
22925,"0"
22926,"0"
22927,"0"
22928,"0"
22929,"0"
22930,"0"
22931,"0"
22932,"0"
22933,"0"
22934,"0"
22935,"1"
22936,"0"
22937,"0"
22938,"0"
22939,"0"
22940,"0"
22941,"0"
22942,"0"
22943,"0"
22944,"0"
22945,"0"
22946,"0"
22947,"0"
22948,"0"
22949,"0"
22950,"0"
22951,"0"
22952,"0"
22953,"0"
22954,"0"
22955,"0"
22956,"1"
22957,"0"
22958,"0"
22959,"0"
22960,"0"
22961,"1"
22962,"0"
22963,"0"
22964,"1"
22965,"0"
22966,"0"
22967,"0"
22968,"0"
22969,"0"
22970,"0"
22971,"0"
22972,"1"
22973,"1"
22974,"0"
22975,"0"
22976,"0"
22977,"0"
22978,"0"
22979,"0"
22980,"0"
22981,"0"
22982,"0"
22983,"0"
22984,"0"
22985,"0"
22986,"1"
22987,"0"
22988,"0"
22989,"1"
22990,"0"
22991,"0"
22992,"0"
22993,"0"
22994,"0"
22995,"1"
22996,"0"
22997,"0"
22998,"0"
22999,"1"
23000,"0"
23001,"0"
23002,"0"
23003,"1"
23004,"0"
23005,"1"
23006,"0"
23007,"0"
23008,"0"
23009,"1"
23010,"0"
23011,"1"
23012,"0"
23013,"0"
23014,"1"
23015,"1"
23016,"0"
23017,"0"
23018,"0"
23019,"0"
23020,"0"
23021,"0"
23022,"0"
23023,"0"
23024,"0"
23025,"0"
23026,"0"
23027,"0"
23028,"0"
23029,"0"
23030,"0"
23031,"0"
23032,"1"
23033,"0"
23034,"0"
23035,"0"
23036,"0"
23037,"0"
23038,"0"
23039,"0"
23040,"1"
23041,"0"
23042,"0"
23043,"0"
23044,"0"
23045,"0"
23046,"0"
23047,"0"
23048,"1"
23049,"0"
23050,"0"
23051,"1"
23052,"0"
23053,"0"
23054,"1"
23055,"0"
23056,"1"
23057,"0"
23058,"1"
23059,"0"
23060,"0"
23061,"0"
23062,"0"
23063,"0"
23064,"0"
23065,"0"
23066,"0"
23067,"0"
23068,"1"
23069,"0"
23070,"0"
23071,"0"
23072,"0"
23073,"0"
23074,"0"
23075,"0"
23076,"1"
23077,"0"
23078,"0"
23079,"0"
23080,"0"
23081,"1"
23082,"0"
23083,"0"
23084,"0"
23085,"0"
23086,"0"
23087,"0"
23088,"0"
23089,"1"
23090,"0"
23091,"0"
23092,"0"
23093,"0"
23094,"0"
23095,"0"
23096,"0"
23097,"0"
23098,"1"
23099,"0"
23100,"0"
23101,"0"
23102,"0"
23103,"0"
23104,"0"
23105,"0"
23106,"0"
23107,"0"
23108,"1"
23109,"1"
23110,"0"
23111,"0"
23112,"0"
23113,"0"
23114,"0"
23115,"0"
23116,"0"
23117,"0"
23118,"1"
23119,"0"
23120,"1"
23121,"0"
23122,"0"
23123,"0"
23124,"0"
23125,"1"
23126,"0"
23127,"0"
23128,"0"
23129,"0"
23130,"0"
23131,"0"
23132,"0"
23133,"0"
23134,"0"
23135,"0"
23136,"0"
23137,"0"
23138,"0"
23139,"0"
23140,"0"
23141,"0"
23142,"0"
23143,"0"
23144,"0"
23145,"0"
23146,"0"
23147,"0"
23148,"0"
23149,"0"
23150,"1"
23151,"0"
23152,"0"
23153,"0"
23154,"0"
23155,"0"
23156,"0"
23157,"1"
23158,"0"
23159,"0"
23160,"0"
23161,"0"
23162,"0"
23163,"0"
23164,"0"
23165,"0"
23166,"1"
23167,"0"
23168,"0"
23169,"0"
23170,"0"
23171,"0"
23172,"0"
23173,"0"
23174,"1"
23175,"0"
23176,"0"
23177,"0"
23178,"0"
23179,"1"
23180,"0"
23181,"0"
23182,"0"
23183,"0"
23184,"0"
23185,"0"
23186,"1"
23187,"0"
23188,"0"
23189,"1"
23190,"0"
23191,"1"
23192,"0"
23193,"0"
23194,"0"
23195,"0"
23196,"0"
23197,"0"
23198,"0"
23199,"0"
23200,"0"
23201,"0"
23202,"0"
23203,"0"
23204,"0"
23205,"0"
23206,"0"
23207,"0"
23208,"0"
23209,"0"
23210,"0"
23211,"0"
23212,"0"
23213,"0"
23214,"1"
23215,"0"
23216,"1"
23217,"1"
23218,"0"
23219,"0"
23220,"0"
23221,"0"
23222,"0"
23223,"0"
23224,"0"
23225,"0"
23226,"0"
23227,"0"
23228,"0"
23229,"0"
23230,"0"
23231,"0"
23232,"0"
23233,"0"
23234,"0"
23235,"0"
23236,"0"
23237,"0"
23238,"0"
23239,"0"
23240,"0"
23241,"0"
23242,"0"
23243,"0"
23244,"0"
23245,"1"
23246,"0"
23247,"0"
23248,"0"
23249,"1"
23250,"0"
23251,"0"
23252,"0"
23253,"0"
23254,"0"
23255,"0"
23256,"0"
23257,"0"
23258,"0"
23259,"0"
23260,"0"
23261,"0"
23262,"0"
23263,"0"
23264,"0"
23265,"0"
23266,"0"
23267,"0"
23268,"0"
23269,"0"
23270,"0"
23271,"0"
23272,"0"
23273,"1"
23274,"0"
23275,"0"
23276,"0"
23277,"1"
23278,"0"
23279,"0"
23280,"0"
23281,"0"
23282,"0"
23283,"1"
23284,"0"
23285,"0"
23286,"0"
23287,"0"
23288,"0"
23289,"0"
23290,"1"
23291,"0"
23292,"0"
23293,"0"
23294,"0"
23295,"0"
23296,"0"
23297,"0"
23298,"0"
23299,"0"
23300,"0"
23301,"1"
23302,"0"
23303,"0"
23304,"0"
23305,"0"
23306,"0"
23307,"0"
23308,"0"
23309,"0"
23310,"0"
23311,"0"
23312,"0"
23313,"0"
23314,"0"
23315,"0"
23316,"1"
23317,"0"
23318,"0"
23319,"0"
23320,"0"
23321,"0"
23322,"0"
23323,"1"
23324,"0"
23325,"1"
23326,"1"
23327,"0"
23328,"0"
23329,"0"
23330,"0"
23331,"0"
23332,"0"
23333,"0"
23334,"0"
23335,"1"
23336,"0"
23337,"0"
23338,"0"
23339,"0"
23340,"0"
23341,"0"
23342,"0"
23343,"0"
23344,"1"
23345,"0"
23346,"0"
23347,"1"
23348,"0"
23349,"0"
23350,"0"
23351,"0"
23352,"0"
23353,"1"
23354,"1"
23355,"0"
23356,"0"
23357,"1"
23358,"0"
23359,"0"
23360,"0"
23361,"0"
23362,"0"
23363,"1"
23364,"0"
23365,"0"
23366,"0"
23367,"1"
23368,"0"
23369,"1"
23370,"0"
23371,"0"
23372,"1"
23373,"0"
23374,"1"
23375,"0"
23376,"0"
23377,"0"
23378,"0"
23379,"0"
23380,"0"
23381,"0"
23382,"0"
23383,"0"
23384,"0"
23385,"0"
23386,"0"
23387,"0"
23388,"0"
23389,"0"
23390,"0"
23391,"1"
23392,"0"
23393,"1"
23394,"0"
23395,"0"
23396,"0"
23397,"1"
23398,"0"
23399,"0"
23400,"0"
23401,"0"
23402,"0"
23403,"0"
23404,"1"
23405,"0"
23406,"0"
23407,"0"
23408,"0"
23409,"1"
23410,"1"
23411,"1"
23412,"0"
23413,"0"
23414,"0"
23415,"1"
23416,"0"
23417,"0"
23418,"1"
23419,"0"
23420,"0"
23421,"0"
23422,"1"
23423,"1"
23424,"0"
23425,"0"
23426,"0"
23427,"0"
23428,"1"
23429,"0"
23430,"0"
23431,"1"
23432,"0"
23433,"0"
23434,"0"
23435,"1"
23436,"0"
23437,"0"
23438,"0"
23439,"0"
23440,"0"
23441,"0"
23442,"0"
23443,"0"
23444,"0"
23445,"1"
23446,"1"
23447,"0"
23448,"0"
23449,"0"
23450,"1"
23451,"0"
23452,"0"
23453,"0"
23454,"0"
23455,"0"
23456,"0"
23457,"1"
23458,"1"
23459,"0"
23460,"1"
23461,"0"
23462,"0"
23463,"1"
23464,"1"
23465,"0"
23466,"0"
23467,"1"
23468,"0"
23469,"0"
23470,"0"
23471,"1"
23472,"0"
23473,"1"
23474,"0"
23475,"0"
23476,"1"
23477,"1"
23478,"0"
23479,"0"
23480,"1"
23481,"0"
23482,"0"
23483,"0"
23484,"0"
23485,"1"
23486,"0"
23487,"1"
23488,"0"
23489,"0"
23490,"0"
23491,"0"
23492,"0"
23493,"0"
23494,"1"
23495,"1"
23496,"0"
23497,"0"
23498,"0"
23499,"0"
23500,"0"
23501,"0"
23502,"0"
23503,"1"
23504,"0"
23505,"1"
23506,"1"
23507,"1"
23508,"0"
23509,"0"
23510,"0"
23511,"0"
23512,"0"
23513,"0"
23514,"0"
23515,"0"
23516,"0"
23517,"1"
23518,"0"
23519,"0"
23520,"1"
23521,"0"
23522,"0"
23523,"0"
23524,"0"
23525,"1"
23526,"0"
23527,"0"
23528,"0"
23529,"0"
23530,"0"
23531,"0"
23532,"0"
23533,"1"
23534,"0"
23535,"0"
23536,"0"
23537,"0"
23538,"1"
23539,"0"
23540,"0"
23541,"1"
23542,"0"
23543,"0"
23544,"0"
23545,"0"
23546,"0"
23547,"0"
23548,"1"
23549,"1"
23550,"1"
23551,"1"
23552,"0"
23553,"0"
23554,"0"
23555,"1"
23556,"0"
23557,"0"
23558,"1"
23559,"1"
23560,"0"
23561,"0"
23562,"0"
23563,"0"
23564,"0"
23565,"0"
23566,"0"
23567,"0"
23568,"0"
23569,"0"
23570,"0"
23571,"0"
23572,"1"
23573,"0"
23574,"1"
23575,"0"
23576,"1"
23577,"0"
23578,"0"
23579,"0"
23580,"0"
23581,"0"
23582,"1"
23583,"0"
23584,"1"
23585,"0"
23586,"1"
23587,"1"
23588,"0"
23589,"0"
23590,"0"
23591,"0"
23592,"0"
23593,"0"
23594,"0"
23595,"0"
23596,"0"
23597,"0"
23598,"0"
23599,"1"
23600,"0"
23601,"1"
23602,"0"
23603,"0"
23604,"0"
23605,"0"
23606,"0"
23607,"0"
23608,"0"
23609,"0"
23610,"0"
23611,"0"
23612,"0"
23613,"0"
23614,"0"
23615,"0"
23616,"0"
23617,"1"
23618,"0"
23619,"0"
23620,"0"
23621,"1"
23622,"0"
23623,"0"
23624,"0"
23625,"0"
23626,"0"
23627,"0"
23628,"0"
23629,"0"
23630,"0"
23631,"0"
23632,"0"
23633,"0"
23634,"0"
23635,"1"
23636,"0"
23637,"0"
23638,"1"
23639,"0"
23640,"1"
23641,"0"
23642,"0"
23643,"0"
23644,"0"
23645,"0"
23646,"1"
23647,"0"
23648,"0"
23649,"0"
23650,"0"
23651,"0"
23652,"0"
23653,"0"
23654,"0"
23655,"0"
23656,"0"
23657,"1"
23658,"0"
23659,"0"
23660,"0"
23661,"0"
23662,"0"
23663,"0"
23664,"0"
23665,"0"
23666,"0"
23667,"0"
23668,"0"
23669,"0"
23670,"0"
23671,"0"
23672,"0"
23673,"0"
23674,"0"
23675,"0"
23676,"0"
23677,"0"
23678,"0"
23679,"1"
23680,"0"
23681,"0"
23682,"0"
23683,"0"
23684,"0"
23685,"0"
23686,"0"
23687,"0"
23688,"0"
23689,"0"
23690,"0"
23691,"0"
23692,"0"
23693,"0"
23694,"0"
23695,"0"
23696,"0"
23697,"0"
23698,"0"
23699,"0"
23700,"0"
23701,"0"
23702,"0"
23703,"0"
23704,"0"
23705,"0"
23706,"0"
23707,"0"
23708,"0"
23709,"0"
23710,"0"
23711,"1"
23712,"0"
23713,"0"
23714,"0"
23715,"0"
23716,"0"
23717,"0"
23718,"1"
23719,"1"
23720,"0"
23721,"0"
23722,"0"
23723,"1"
23724,"1"
23725,"0"
23726,"0"
23727,"0"
23728,"0"
23729,"0"
23730,"0"
23731,"0"
23732,"0"
23733,"0"
23734,"0"
23735,"0"
23736,"1"
23737,"0"
23738,"0"
23739,"0"
23740,"0"
23741,"1"
23742,"1"
23743,"0"
23744,"0"
23745,"1"
23746,"1"
23747,"1"
23748,"0"
23749,"0"
23750,"0"
23751,"0"
23752,"0"
23753,"0"
23754,"1"
23755,"0"
23756,"0"
23757,"0"
23758,"0"
23759,"0"
23760,"0"
23761,"0"
23762,"0"
23763,"0"
23764,"0"
23765,"0"
23766,"0"
23767,"0"
23768,"0"
23769,"1"
23770,"0"
23771,"0"
23772,"0"
23773,"0"
23774,"0"
23775,"0"
23776,"0"
23777,"0"
23778,"1"
23779,"0"
23780,"0"
23781,"1"
23782,"0"
23783,"0"
23784,"0"
23785,"0"
23786,"0"
23787,"1"
23788,"0"
23789,"0"
23790,"0"
23791,"0"
23792,"0"
23793,"0"
23794,"0"
23795,"0"
23796,"0"
23797,"0"
23798,"0"
23799,"0"
23800,"0"
23801,"0"
23802,"0"
23803,"0"
23804,"0"
23805,"0"
23806,"0"
23807,"1"
23808,"0"
23809,"0"
23810,"0"
23811,"0"
23812,"0"
23813,"1"
23814,"0"
23815,"1"
23816,"0"
23817,"1"
23818,"1"
23819,"0"
23820,"0"
23821,"0"
23822,"0"
23823,"1"
23824,"0"
23825,"0"
23826,"0"
23827,"0"
23828,"0"
23829,"1"
23830,"1"
23831,"0"
23832,"0"
23833,"0"
23834,"1"
23835,"1"
23836,"0"
23837,"0"
23838,"0"
23839,"0"
23840,"0"
23841,"1"
23842,"0"
23843,"1"
23844,"0"
23845,"1"
23846,"0"
23847,"1"
23848,"0"
23849,"1"
23850,"0"
23851,"0"
23852,"0"
23853,"0"
23854,"0"
23855,"0"
23856,"0"
23857,"0"
23858,"0"
23859,"1"
23860,"0"
23861,"0"
23862,"0"
23863,"0"
23864,"0"
23865,"0"
23866,"0"
23867,"0"
23868,"1"
23869,"0"
23870,"1"
23871,"0"
23872,"0"
23873,"0"
23874,"0"
23875,"0"
23876,"0"
23877,"0"
23878,"0"
23879,"0"
23880,"0"
23881,"0"
23882,"1"
23883,"0"
23884,"0"
23885,"0"
23886,"0"
23887,"0"
23888,"1"
23889,"0"
23890,"0"
23891,"0"
23892,"1"
23893,"0"
23894,"0"
23895,"0"
23896,"0"
23897,"0"
23898,"0"
23899,"0"
23900,"0"
23901,"0"
23902,"0"
23903,"0"
23904,"0"
23905,"0"
23906,"0"
23907,"0"
23908,"0"
23909,"1"
23910,"0"
23911,"0"
23912,"1"
23913,"0"
23914,"1"
23915,"0"
23916,"0"
23917,"0"
23918,"0"
23919,"0"
23920,"0"
23921,"0"
23922,"0"
23923,"0"
23924,"0"
23925,"1"
23926,"0"
23927,"1"
23928,"0"
23929,"0"
23930,"0"
23931,"0"
23932,"0"
23933,"0"
23934,"0"
23935,"0"
23936,"0"
23937,"1"
23938,"0"
23939,"0"
23940,"0"
23941,"0"
23942,"1"
23943,"0"
23944,"0"
23945,"1"
23946,"0"
23947,"0"
23948,"0"
23949,"0"
23950,"0"
23951,"0"
23952,"1"
23953,"0"
23954,"1"
23955,"0"
23956,"0"
23957,"0"
23958,"0"
23959,"1"
23960,"0"
23961,"0"
23962,"1"
23963,"0"
23964,"0"
23965,"0"
23966,"0"
23967,"0"
23968,"0"
23969,"0"
23970,"1"
23971,"0"
23972,"0"
23973,"0"
23974,"1"
23975,"0"
23976,"0"
23977,"0"
23978,"0"
23979,"0"
23980,"0"
23981,"0"
23982,"1"
23983,"0"
23984,"0"
23985,"0"
23986,"0"
23987,"0"
23988,"0"
23989,"0"
23990,"0"
23991,"0"
23992,"0"
23993,"0"
23994,"0"
23995,"0"
23996,"1"
23997,"0"
23998,"0"
23999,"0"
24000,"0"
24001,"1"
24002,"0"
24003,"0"
24004,"0"
24005,"0"
24006,"0"
24007,"1"
24008,"1"
24009,"0"
24010,"1"
24011,"0"
24012,"0"
24013,"0"
24014,"0"
24015,"0"
24016,"0"
24017,"0"
24018,"0"
24019,"0"
24020,"0"
24021,"1"
24022,"0"
24023,"0"
24024,"0"
24025,"0"
24026,"0"
24027,"0"
24028,"0"
24029,"0"
24030,"0"
24031,"0"
24032,"0"
24033,"1"
24034,"0"
24035,"0"
24036,"0"
24037,"0"
24038,"0"
24039,"0"
24040,"0"
24041,"0"
24042,"0"
24043,"1"
24044,"0"
24045,"0"
24046,"0"
24047,"0"
24048,"0"
24049,"1"
24050,"0"
24051,"0"
24052,"1"
24053,"0"
24054,"0"
24055,"1"
24056,"0"
24057,"0"
24058,"0"
24059,"0"
24060,"0"
24061,"0"
24062,"1"
24063,"0"
24064,"0"
24065,"0"
24066,"0"
24067,"0"
24068,"0"
24069,"0"
24070,"0"
24071,"0"
24072,"0"
24073,"0"
24074,"0"
24075,"0"
24076,"0"
24077,"1"
24078,"0"
24079,"0"
24080,"0"
24081,"0"
24082,"0"
24083,"1"
24084,"0"
24085,"0"
24086,"0"
24087,"0"
24088,"0"
24089,"0"
24090,"0"
24091,"0"
24092,"0"
24093,"0"
24094,"0"
24095,"0"
24096,"0"
24097,"0"
24098,"0"
24099,"0"
24100,"0"
24101,"0"
24102,"0"
24103,"0"
24104,"0"
24105,"0"
24106,"0"
24107,"0"
24108,"0"
24109,"0"
24110,"0"
24111,"0"
24112,"0"
24113,"0"
24114,"1"
24115,"1"
24116,"0"
24117,"1"
24118,"0"
24119,"0"
24120,"0"
24121,"0"
24122,"0"
24123,"0"
24124,"0"
24125,"0"
24126,"1"
24127,"0"
24128,"0"
24129,"0"
24130,"1"
24131,"0"
24132,"0"
24133,"0"
24134,"0"
24135,"0"
24136,"0"
24137,"1"
24138,"0"
24139,"0"
24140,"0"
24141,"0"
24142,"0"
24143,"0"
24144,"0"
24145,"0"
24146,"0"
24147,"0"
24148,"0"
24149,"0"
24150,"1"
24151,"1"
24152,"0"
24153,"0"
24154,"0"
24155,"0"
24156,"0"
24157,"0"
24158,"0"
24159,"0"
24160,"1"
24161,"0"
24162,"0"
24163,"0"
24164,"0"
24165,"0"
24166,"0"
24167,"0"
24168,"0"
24169,"0"
24170,"0"
24171,"0"
24172,"0"
24173,"0"
24174,"0"
24175,"0"
24176,"0"
24177,"0"
24178,"0"
24179,"0"
24180,"0"
24181,"0"
24182,"0"
24183,"0"
24184,"1"
24185,"0"
24186,"0"
24187,"0"
24188,"0"
24189,"0"
24190,"0"
24191,"1"
24192,"0"
24193,"0"
24194,"0"
24195,"0"
24196,"0"
24197,"0"
24198,"0"
24199,"0"
24200,"1"
24201,"0"
24202,"0"
24203,"0"
24204,"1"
24205,"0"
24206,"0"
24207,"0"
24208,"0"
24209,"1"
24210,"0"
24211,"0"
24212,"0"
24213,"0"
24214,"0"
24215,"0"
24216,"0"
24217,"0"
24218,"1"
24219,"0"
24220,"1"
24221,"1"
24222,"0"
24223,"0"
24224,"0"
24225,"0"
24226,"0"
24227,"0"
24228,"0"
24229,"0"
24230,"0"
24231,"1"
24232,"0"
24233,"0"
24234,"0"
24235,"0"
24236,"0"
24237,"0"
24238,"0"
24239,"0"
24240,"1"
24241,"0"
24242,"0"
24243,"0"
24244,"1"
24245,"0"
24246,"0"
24247,"0"
24248,"0"
24249,"1"
24250,"0"
24251,"1"
24252,"0"
24253,"1"
24254,"0"
24255,"0"
24256,"0"
24257,"1"
24258,"0"
24259,"0"
24260,"0"
24261,"0"
24262,"0"
24263,"1"
24264,"1"
24265,"0"
24266,"0"
24267,"0"
24268,"0"
24269,"0"
24270,"0"
24271,"1"
24272,"1"
24273,"0"
24274,"0"
24275,"0"
24276,"0"
24277,"0"
24278,"0"
24279,"1"
24280,"0"
24281,"0"
24282,"0"
24283,"0"
24284,"0"
24285,"0"
24286,"0"
24287,"0"
24288,"0"
24289,"1"
24290,"0"
24291,"0"
24292,"0"
24293,"1"
24294,"0"
24295,"1"
24296,"0"
24297,"0"
24298,"0"
24299,"0"
24300,"0"
24301,"1"
24302,"0"
24303,"0"
24304,"0"
24305,"0"
24306,"0"
24307,"0"
24308,"0"
24309,"0"
24310,"0"
24311,"0"
24312,"0"
24313,"0"
24314,"0"
24315,"0"
24316,"0"
24317,"0"
24318,"1"
24319,"1"
24320,"1"
24321,"0"
24322,"1"
24323,"0"
24324,"0"
24325,"1"
24326,"0"
24327,"0"
24328,"0"
24329,"1"
24330,"1"
24331,"0"
24332,"0"
24333,"1"
24334,"0"
24335,"0"
24336,"0"
24337,"0"
24338,"0"
24339,"0"
24340,"0"
24341,"0"
24342,"0"
24343,"0"
24344,"0"
24345,"0"
24346,"0"
24347,"0"
24348,"0"
24349,"0"
24350,"1"
24351,"0"
24352,"1"
24353,"0"
24354,"0"
24355,"0"
24356,"1"
24357,"0"
24358,"0"
24359,"0"
24360,"0"
24361,"0"
24362,"1"
24363,"0"
24364,"0"
24365,"0"
24366,"0"
24367,"0"
24368,"0"
24369,"1"
24370,"0"
24371,"0"
24372,"1"
24373,"0"
24374,"0"
24375,"0"
24376,"0"
24377,"0"
24378,"0"
24379,"0"
24380,"0"
24381,"0"
24382,"0"
24383,"0"
24384,"0"
24385,"0"
24386,"0"
24387,"0"
24388,"0"
24389,"0"
24390,"0"
24391,"0"
24392,"0"
24393,"0"
24394,"0"
24395,"0"
24396,"1"
24397,"0"
24398,"0"
24399,"0"
24400,"0"
24401,"0"
24402,"0"
24403,"0"
24404,"0"
24405,"0"
24406,"0"
24407,"1"
24408,"1"
24409,"0"
24410,"0"
24411,"0"
24412,"0"
24413,"0"
24414,"0"
24415,"1"
24416,"0"
24417,"1"
24418,"0"
24419,"1"
24420,"0"
24421,"0"
24422,"0"
24423,"1"
24424,"0"
24425,"1"
24426,"1"
24427,"0"
24428,"1"
24429,"0"
24430,"0"
24431,"0"
24432,"0"
24433,"0"
24434,"1"
24435,"0"
24436,"0"
24437,"0"
24438,"0"
24439,"0"
24440,"0"
24441,"0"
24442,"0"
24443,"0"
24444,"1"
24445,"1"
24446,"0"
24447,"0"
24448,"1"
24449,"0"
24450,"0"
24451,"0"
24452,"0"
24453,"1"
24454,"0"
24455,"0"
24456,"1"
24457,"0"
24458,"0"
24459,"0"
24460,"0"
24461,"0"
24462,"0"
24463,"0"
24464,"0"
24465,"0"
24466,"0"
24467,"0"
24468,"0"
24469,"0"
24470,"0"
24471,"0"
24472,"0"
24473,"0"
24474,"0"
24475,"0"
24476,"0"
24477,"0"
24478,"0"
24479,"0"
24480,"0"
24481,"0"
24482,"0"
24483,"1"
24484,"0"
24485,"0"
24486,"0"
24487,"1"
24488,"0"
24489,"0"
24490,"0"
24491,"1"
24492,"0"
24493,"0"
24494,"0"
24495,"0"
24496,"0"
24497,"0"
24498,"0"
24499,"0"
24500,"1"
24501,"0"
24502,"0"
24503,"0"
24504,"1"
24505,"0"
24506,"0"
24507,"0"
24508,"0"
24509,"0"
24510,"1"
24511,"1"
24512,"0"
24513,"0"
24514,"0"
24515,"0"
24516,"1"
24517,"0"
24518,"0"
24519,"0"
24520,"0"
24521,"0"
24522,"0"
24523,"0"
24524,"1"
24525,"0"
24526,"0"
24527,"0"
24528,"0"
24529,"0"
24530,"0"
24531,"1"
24532,"0"
24533,"0"
24534,"0"
24535,"1"
24536,"0"
24537,"0"
24538,"0"
24539,"0"
24540,"0"
24541,"1"
24542,"0"
24543,"0"
24544,"0"
24545,"0"
24546,"1"
24547,"0"
24548,"0"
24549,"1"
24550,"0"
24551,"1"
24552,"1"
24553,"0"
24554,"0"
24555,"0"
24556,"0"
24557,"0"
24558,"0"
24559,"1"
24560,"0"
24561,"0"
24562,"1"
24563,"0"
24564,"0"
24565,"0"
24566,"1"
24567,"0"
24568,"0"
24569,"0"
24570,"0"
24571,"0"
24572,"0"
24573,"1"
24574,"0"
24575,"0"
24576,"0"
24577,"0"
24578,"0"
24579,"1"
24580,"0"
24581,"0"
24582,"0"
24583,"0"
24584,"0"
24585,"1"
24586,"1"
24587,"0"
24588,"0"
24589,"1"
24590,"0"
24591,"0"
24592,"0"
24593,"0"
24594,"0"
24595,"0"
24596,"0"
24597,"0"
24598,"1"
24599,"0"
24600,"0"
24601,"0"
24602,"0"
24603,"0"
24604,"0"
24605,"0"
24606,"1"
24607,"0"
24608,"0"
24609,"1"
24610,"0"
24611,"0"
24612,"0"
24613,"0"
24614,"0"
24615,"0"
24616,"0"
24617,"0"
24618,"0"
24619,"0"
24620,"0"
24621,"0"
24622,"0"
24623,"0"
24624,"0"
24625,"0"
24626,"0"
24627,"0"
24628,"0"
24629,"0"
24630,"0"
24631,"0"
24632,"0"
24633,"0"
24634,"0"
24635,"0"
24636,"1"
24637,"1"
24638,"0"
24639,"1"
24640,"0"
24641,"0"
24642,"0"
24643,"0"
24644,"0"
24645,"0"
24646,"0"
24647,"0"
24648,"1"
24649,"0"
24650,"0"
24651,"0"
24652,"1"
24653,"0"
24654,"0"
24655,"0"
24656,"0"
24657,"1"
24658,"1"
24659,"0"
24660,"0"
24661,"0"
24662,"0"
24663,"0"
24664,"0"
24665,"0"
24666,"0"
24667,"0"
24668,"0"
24669,"0"
24670,"0"
24671,"0"
24672,"0"
24673,"0"
24674,"0"
24675,"0"
24676,"0"
24677,"0"
24678,"0"
24679,"0"
24680,"1"
24681,"0"
24682,"0"
24683,"0"
24684,"0"
24685,"0"
24686,"0"
24687,"0"
24688,"0"
24689,"0"
24690,"0"
24691,"0"
24692,"0"
24693,"1"
24694,"0"
24695,"0"
24696,"0"
24697,"0"
24698,"0"
24699,"0"
24700,"0"
24701,"0"
24702,"1"
24703,"0"
24704,"0"
24705,"0"
24706,"0"
24707,"0"
24708,"1"
24709,"0"
24710,"1"
24711,"1"
24712,"0"
24713,"0"
24714,"1"
24715,"0"
24716,"0"
24717,"1"
24718,"1"
24719,"0"
24720,"0"
24721,"0"
24722,"0"
24723,"0"
24724,"0"
24725,"0"
24726,"0"
24727,"0"
24728,"1"
24729,"1"
24730,"0"
24731,"0"
24732,"0"
24733,"0"
24734,"0"
24735,"1"
24736,"0"
24737,"0"
24738,"0"
24739,"0"
24740,"0"
24741,"0"
24742,"1"
24743,"1"
24744,"0"
24745,"0"
24746,"0"
24747,"0"
24748,"1"
24749,"0"
24750,"0"
24751,"0"
24752,"0"
24753,"0"
24754,"0"
24755,"0"
24756,"0"
24757,"0"
24758,"1"
24759,"0"
24760,"0"
24761,"0"
24762,"0"
24763,"0"
24764,"0"
24765,"0"
24766,"0"
24767,"0"
24768,"0"
24769,"0"
24770,"0"
24771,"0"
24772,"0"
24773,"0"
24774,"0"
24775,"0"
24776,"0"
24777,"0"
24778,"0"
24779,"1"
24780,"1"
24781,"0"
24782,"0"
24783,"0"
24784,"0"
24785,"0"
24786,"0"
24787,"0"
24788,"1"
24789,"0"
24790,"0"
24791,"0"
24792,"0"
24793,"0"
24794,"0"
24795,"0"
24796,"0"
24797,"0"
24798,"0"
24799,"0"
24800,"0"
24801,"0"
24802,"0"
24803,"1"
24804,"0"
24805,"0"
24806,"1"
24807,"0"
24808,"0"
24809,"0"
24810,"0"
24811,"0"
24812,"0"
24813,"0"
24814,"0"
24815,"0"
24816,"0"
24817,"0"
24818,"0"
24819,"0"
24820,"1"
24821,"0"
24822,"1"
24823,"0"
24824,"1"
24825,"0"
24826,"0"
24827,"0"
24828,"0"
24829,"0"
24830,"0"
24831,"0"
24832,"0"
24833,"1"
24834,"0"
24835,"1"
24836,"0"
24837,"0"
24838,"0"
24839,"0"
24840,"0"
24841,"1"
24842,"1"
24843,"0"
24844,"0"
24845,"0"
24846,"0"
24847,"0"
24848,"0"
24849,"1"
24850,"0"
24851,"0"
24852,"0"
24853,"0"
24854,"0"
24855,"0"
24856,"0"
24857,"0"
24858,"0"
24859,"0"
24860,"0"
24861,"0"
24862,"0"
24863,"1"
24864,"1"
24865,"0"
24866,"0"
24867,"0"
24868,"0"
24869,"0"
24870,"0"
24871,"0"
24872,"0"
24873,"1"
24874,"0"
24875,"0"
24876,"0"
24877,"0"
24878,"0"
24879,"0"
24880,"1"
24881,"0"
24882,"0"
24883,"0"
24884,"0"
24885,"0"
24886,"0"
24887,"0"
24888,"0"
24889,"0"
24890,"0"
24891,"0"
24892,"0"
24893,"1"
24894,"0"
24895,"0"
24896,"0"
24897,"1"
24898,"0"
24899,"0"
24900,"0"
24901,"0"
24902,"1"
24903,"0"
24904,"1"
24905,"0"
24906,"0"
24907,"0"
24908,"1"
24909,"0"
24910,"0"
24911,"0"
24912,"0"
24913,"0"
24914,"0"
24915,"0"
24916,"0"
24917,"0"
24918,"0"
24919,"0"
24920,"0"
24921,"0"
24922,"0"
24923,"1"
24924,"0"
24925,"0"
24926,"0"
24927,"0"
24928,"0"
24929,"1"
24930,"0"
24931,"0"
24932,"0"
24933,"0"
24934,"0"
24935,"0"
24936,"0"
24937,"1"
24938,"1"
24939,"0"
24940,"0"
24941,"0"
24942,"0"
24943,"0"
24944,"0"
24945,"0"
24946,"0"
24947,"0"
24948,"1"
24949,"0"
24950,"1"
24951,"0"
24952,"0"
24953,"0"
24954,"0"
24955,"0"
24956,"0"
24957,"0"
24958,"0"
24959,"0"
24960,"0"
24961,"0"
24962,"0"
24963,"0"
24964,"0"
24965,"0"
24966,"0"
24967,"0"
24968,"0"
24969,"1"
24970,"0"
24971,"0"
24972,"0"
24973,"0"
24974,"0"
24975,"1"
24976,"1"
24977,"0"
24978,"0"
24979,"0"
24980,"0"
24981,"0"
24982,"0"
24983,"0"
24984,"1"
24985,"0"
24986,"0"
24987,"0"
24988,"0"
24989,"1"
24990,"0"
24991,"0"
24992,"0"
24993,"0"
24994,"0"
24995,"0"
24996,"0"
24997,"0"
24998,"0"
24999,"1"
25000,"0"
25001,"0"
25002,"0"
25003,"1"
25004,"0"
25005,"0"
25006,"0"
25007,"0"
25008,"0"
25009,"1"
25010,"1"
25011,"0"
25012,"0"
25013,"0"
25014,"0"
25015,"0"
25016,"0"
25017,"0"
25018,"1"
25019,"0"
25020,"0"
25021,"1"
25022,"0"
25023,"0"
25024,"0"
25025,"0"
25026,"0"
25027,"0"
25028,"0"
25029,"0"
25030,"0"
25031,"0"
25032,"0"
25033,"0"
25034,"0"
25035,"0"
25036,"0"
25037,"0"
25038,"1"
25039,"0"
25040,"0"
25041,"0"
25042,"0"
25043,"0"
25044,"0"
25045,"1"
25046,"1"
25047,"1"
25048,"0"
25049,"0"
25050,"1"
25051,"1"
25052,"0"
25053,"0"
25054,"1"
25055,"0"
25056,"0"
25057,"0"
25058,"0"
25059,"0"
25060,"0"
25061,"0"
25062,"0"
25063,"0"
25064,"0"
25065,"0"
25066,"0"
25067,"0"
25068,"0"
25069,"0"
25070,"0"
25071,"1"
25072,"0"
25073,"0"
25074,"1"
25075,"0"
25076,"0"
25077,"0"
25078,"0"
25079,"0"
25080,"0"
25081,"0"
25082,"0"
25083,"0"
25084,"0"
25085,"0"
25086,"0"
25087,"0"
25088,"0"
25089,"0"
25090,"0"
25091,"0"
25092,"0"
25093,"0"
25094,"0"
25095,"1"
25096,"0"
25097,"1"
25098,"0"
25099,"0"
25100,"0"
25101,"1"
25102,"0"
25103,"0"
25104,"0"
25105,"0"
25106,"0"
25107,"0"
25108,"1"
25109,"1"
25110,"1"
25111,"0"
25112,"0"
25113,"0"
25114,"0"
25115,"0"
25116,"0"
25117,"0"
25118,"0"
25119,"0"
25120,"0"
25121,"0"
25122,"0"
25123,"0"
25124,"1"
25125,"0"
25126,"1"
25127,"0"
25128,"0"
25129,"0"
25130,"0"
25131,"0"
25132,"0"
25133,"0"
25134,"1"
25135,"0"
25136,"0"
25137,"0"
25138,"0"
25139,"0"
25140,"0"
25141,"0"
25142,"0"
25143,"0"
25144,"0"
25145,"0"
25146,"0"
25147,"0"
25148,"0"
25149,"0"
25150,"0"
25151,"0"
25152,"0"
25153,"0"
25154,"0"
25155,"0"
25156,"0"
25157,"0"
25158,"0"
25159,"0"
25160,"0"
25161,"1"
25162,"0"
25163,"0"
25164,"1"
25165,"0"
25166,"0"
25167,"0"
25168,"0"
25169,"0"
25170,"0"
25171,"0"
25172,"0"
25173,"0"
25174,"1"
25175,"0"
25176,"0"
25177,"0"
25178,"0"
25179,"1"
25180,"0"
25181,"0"
25182,"0"
25183,"0"
25184,"1"
25185,"0"
25186,"0"
25187,"0"
25188,"0"
25189,"0"
25190,"0"
25191,"0"
25192,"0"
25193,"1"
25194,"0"
25195,"0"
25196,"0"
25197,"0"
25198,"1"
25199,"0"
25200,"0"
25201,"0"
25202,"0"
25203,"0"
25204,"0"
25205,"0"
25206,"0"
25207,"1"
25208,"1"
25209,"0"
25210,"0"
25211,"0"
25212,"0"
25213,"0"
25214,"0"
25215,"0"
25216,"0"
25217,"0"
25218,"1"
25219,"0"
25220,"0"
25221,"1"
25222,"1"
25223,"0"
25224,"0"
25225,"1"
25226,"0"
25227,"0"
25228,"0"
25229,"0"
25230,"0"
25231,"0"
25232,"0"
25233,"0"
25234,"0"
25235,"1"
25236,"0"
25237,"0"
25238,"1"
25239,"0"
25240,"0"
25241,"0"
25242,"0"
25243,"0"
25244,"0"
25245,"0"
25246,"0"
25247,"0"
25248,"1"
25249,"0"
25250,"1"
25251,"0"
25252,"0"
25253,"0"
25254,"0"
25255,"1"
25256,"0"
25257,"0"
25258,"0"
25259,"0"
25260,"0"
25261,"0"
25262,"0"
25263,"1"
25264,"0"
25265,"1"
25266,"0"
25267,"0"
25268,"0"
25269,"0"
25270,"0"
25271,"0"
25272,"0"
25273,"0"
25274,"0"
25275,"1"
25276,"0"
25277,"0"
25278,"0"
25279,"0"
25280,"1"
25281,"0"
25282,"0"
25283,"0"
25284,"1"
25285,"0"
25286,"0"
25287,"0"
25288,"0"
25289,"0"
25290,"0"
25291,"1"
25292,"0"
25293,"0"
25294,"0"
25295,"0"
25296,"1"
25297,"1"
25298,"0"
25299,"0"
25300,"0"
25301,"0"
25302,"0"
25303,"0"
25304,"0"
25305,"0"
25306,"0"
25307,"0"
25308,"0"
25309,"0"
25310,"0"
25311,"1"
25312,"0"
25313,"0"
25314,"1"
25315,"1"
25316,"0"
25317,"0"
25318,"1"
25319,"0"
25320,"0"
25321,"0"
25322,"0"
25323,"0"
25324,"0"
25325,"0"
25326,"0"
25327,"0"
25328,"0"
25329,"0"
25330,"0"
25331,"0"
25332,"1"
25333,"0"
25334,"0"
25335,"0"
25336,"0"
25337,"0"
25338,"0"
25339,"1"
25340,"1"
25341,"1"
25342,"0"
25343,"0"
25344,"1"
25345,"0"
25346,"0"
25347,"1"
25348,"0"
25349,"0"
25350,"0"
25351,"0"
25352,"0"
25353,"1"
25354,"0"
25355,"0"
25356,"0"
25357,"0"
25358,"1"
25359,"0"
25360,"0"
25361,"1"
25362,"0"
25363,"0"
25364,"0"
25365,"0"
25366,"0"
25367,"1"
25368,"0"
25369,"0"
25370,"0"
25371,"1"
25372,"1"
25373,"1"
25374,"0"
25375,"0"
25376,"0"
25377,"0"
25378,"0"
25379,"0"
25380,"1"
25381,"0"
25382,"0"
25383,"0"
25384,"0"
25385,"0"
25386,"1"
25387,"0"
25388,"0"
25389,"0"
25390,"0"
25391,"0"
25392,"0"
25393,"0"
25394,"0"
25395,"0"
25396,"1"
25397,"0"
25398,"0"
25399,"0"
25400,"0"
25401,"0"
25402,"0"
25403,"1"
25404,"0"
25405,"0"
25406,"1"
25407,"0"
25408,"0"
25409,"0"
25410,"1"
25411,"0"
25412,"0"
25413,"0"
25414,"0"
25415,"0"
25416,"0"
25417,"0"
25418,"0"
25419,"0"
25420,"0"
25421,"0"
25422,"0"
25423,"0"
25424,"0"
25425,"0"
25426,"1"
25427,"1"
25428,"1"
25429,"1"
25430,"1"
25431,"1"
25432,"0"
25433,"1"
25434,"0"
25435,"0"
25436,"0"
25437,"0"
25438,"1"
25439,"0"
25440,"0"
25441,"0"
25442,"0"
25443,"0"
25444,"0"
25445,"0"
25446,"0"
25447,"0"
25448,"0"
25449,"0"
25450,"0"
25451,"0"
25452,"0"
25453,"0"
25454,"0"
25455,"0"
25456,"0"
25457,"0"
25458,"0"
25459,"0"
25460,"0"
25461,"0"
25462,"0"
25463,"0"
25464,"1"
25465,"0"
25466,"0"
25467,"0"
25468,"1"
25469,"0"
25470,"0"
25471,"0"
25472,"0"
25473,"0"
25474,"0"
25475,"0"
25476,"0"
25477,"0"
25478,"0"
25479,"0"
25480,"0"
25481,"0"
25482,"0"
25483,"1"
25484,"0"
25485,"0"
25486,"0"
25487,"0"
25488,"0"
25489,"0"
25490,"0"
25491,"0"
25492,"1"
25493,"0"
25494,"0"
25495,"0"
25496,"1"
25497,"0"
25498,"0"
25499,"1"
25500,"0"
25501,"0"
25502,"0"
25503,"0"
25504,"0"
25505,"0"
25506,"0"
25507,"1"
25508,"0"
25509,"0"
25510,"1"
25511,"0"
25512,"0"
25513,"0"
25514,"0"
25515,"0"
25516,"0"
25517,"0"
25518,"0"
25519,"1"
25520,"1"
25521,"0"
25522,"1"
25523,"0"
25524,"0"
25525,"0"
25526,"1"
25527,"0"
25528,"0"
25529,"0"
25530,"0"
25531,"0"
25532,"0"
25533,"0"
25534,"0"
25535,"0"
25536,"0"
25537,"0"
25538,"0"
25539,"0"
25540,"0"
25541,"0"
25542,"0"
25543,"0"
25544,"1"
25545,"0"
25546,"0"
25547,"0"
25548,"0"
25549,"1"
25550,"0"
25551,"0"
25552,"0"
25553,"0"
25554,"0"
25555,"0"
25556,"1"
25557,"0"
25558,"1"
25559,"0"
25560,"0"
25561,"0"
25562,"0"
25563,"1"
25564,"0"
25565,"0"
25566,"0"
25567,"0"
25568,"0"
25569,"0"
25570,"1"
25571,"0"
25572,"0"
25573,"1"
25574,"0"
25575,"1"
25576,"0"
25577,"0"
25578,"0"
25579,"0"
25580,"0"
25581,"1"
25582,"0"
25583,"1"
25584,"1"
25585,"0"
25586,"1"
25587,"1"
25588,"0"
25589,"0"
25590,"0"
25591,"0"
25592,"1"
25593,"0"
25594,"0"
25595,"0"
25596,"0"
25597,"0"
25598,"0"
25599,"0"
25600,"0"
25601,"0"
25602,"0"
25603,"0"
25604,"0"
25605,"0"
25606,"0"
25607,"0"
25608,"1"
25609,"0"
25610,"0"
25611,"0"
25612,"1"
25613,"0"
25614,"0"
25615,"0"
25616,"0"
25617,"0"
25618,"0"
25619,"0"
25620,"0"
25621,"0"
25622,"0"
25623,"1"
25624,"0"
25625,"0"
25626,"0"
25627,"1"
25628,"0"
25629,"0"
25630,"0"
25631,"1"
25632,"0"
25633,"1"
25634,"1"
25635,"0"
25636,"0"
25637,"0"
25638,"0"
25639,"0"
25640,"1"
25641,"1"
25642,"0"
25643,"1"
25644,"0"
25645,"0"
25646,"0"
25647,"0"
25648,"0"
25649,"0"
25650,"0"
25651,"0"
25652,"0"
25653,"0"
25654,"0"
25655,"0"
25656,"0"
25657,"0"
25658,"0"
25659,"0"
25660,"0"
25661,"0"
25662,"1"
25663,"0"
25664,"0"
25665,"0"
25666,"0"
25667,"0"
25668,"0"
25669,"0"
25670,"0"
25671,"0"
25672,"0"
25673,"0"
25674,"0"
25675,"0"
25676,"0"
25677,"0"
25678,"0"
25679,"0"
25680,"0"
25681,"0"
25682,"1"
25683,"0"
25684,"0"
25685,"1"
25686,"0"
25687,"0"
25688,"1"
25689,"0"
25690,"0"
25691,"0"
25692,"0"
25693,"0"
25694,"0"
25695,"0"
25696,"0"
25697,"0"
25698,"0"
25699,"0"
25700,"0"
25701,"0"
25702,"1"
25703,"0"
25704,"0"
25705,"0"
25706,"0"
25707,"1"
25708,"0"
25709,"1"
25710,"1"
25711,"1"
25712,"1"
25713,"0"
25714,"0"
25715,"0"
25716,"0"
25717,"0"
25718,"0"
25719,"0"
25720,"0"
25721,"0"
25722,"0"
25723,"0"
25724,"0"
25725,"1"
25726,"0"
25727,"0"
25728,"0"
25729,"0"
25730,"0"
25731,"0"
25732,"0"
25733,"0"
25734,"1"
25735,"0"
25736,"0"
25737,"0"
25738,"0"
25739,"1"
25740,"0"
25741,"0"
25742,"0"
25743,"0"
25744,"0"
25745,"0"
25746,"0"
25747,"0"
25748,"0"
25749,"1"
25750,"0"
25751,"0"
25752,"1"
25753,"0"
25754,"0"
25755,"0"
25756,"0"
25757,"0"
25758,"0"
25759,"0"
25760,"0"
25761,"0"
25762,"0"
25763,"0"
25764,"0"
25765,"0"
25766,"0"
25767,"1"
25768,"0"
25769,"1"
25770,"0"
25771,"0"
25772,"1"
25773,"0"
25774,"0"
25775,"0"
25776,"0"
25777,"0"
25778,"0"
25779,"0"
25780,"0"
25781,"0"
25782,"0"
25783,"0"
25784,"0"
25785,"0"
25786,"0"
25787,"1"
25788,"0"
25789,"1"
25790,"0"
25791,"0"
25792,"0"
25793,"0"
25794,"0"
25795,"0"
25796,"0"
25797,"0"
25798,"0"
25799,"0"
25800,"1"
25801,"0"
25802,"0"
25803,"0"
25804,"0"
25805,"0"
25806,"0"
25807,"1"
25808,"0"
25809,"0"
25810,"0"
25811,"0"
25812,"0"
25813,"0"
25814,"1"
25815,"0"
25816,"0"
25817,"1"
25818,"0"
25819,"0"
25820,"1"
25821,"0"
25822,"0"
25823,"0"
25824,"0"
25825,"1"
25826,"1"
25827,"0"
25828,"0"
25829,"0"
25830,"0"
25831,"0"
25832,"0"
25833,"0"
25834,"0"
25835,"0"
25836,"0"
25837,"0"
25838,"0"
25839,"0"
25840,"0"
25841,"0"
25842,"0"
25843,"1"
25844,"0"
25845,"0"
25846,"0"
25847,"0"
25848,"0"
25849,"1"
25850,"0"
25851,"0"
25852,"0"
25853,"0"
25854,"0"
25855,"0"
25856,"0"
25857,"0"
25858,"0"
25859,"0"
25860,"0"
25861,"0"
25862,"0"
25863,"0"
25864,"0"
25865,"0"
25866,"1"
25867,"0"
25868,"0"
25869,"0"
25870,"0"
25871,"0"
25872,"0"
25873,"0"
25874,"0"
25875,"0"
25876,"0"
25877,"0"
25878,"0"
25879,"1"
25880,"0"
25881,"0"
25882,"0"
25883,"0"
25884,"0"
25885,"1"
25886,"0"
25887,"0"
25888,"1"
25889,"0"
25890,"0"
25891,"0"
25892,"0"
25893,"0"
25894,"0"
25895,"1"
25896,"0"
25897,"0"
25898,"0"
25899,"0"
25900,"0"
25901,"0"
25902,"0"
25903,"0"
25904,"0"
25905,"0"
25906,"0"
25907,"0"
25908,"0"
25909,"0"
25910,"0"
25911,"0"
25912,"1"
25913,"0"
25914,"0"
25915,"1"
25916,"0"
25917,"0"
25918,"0"
25919,"0"
25920,"1"
25921,"0"
25922,"1"
25923,"1"
25924,"0"
25925,"0"
25926,"0"
25927,"1"
25928,"0"
25929,"0"
25930,"0"
25931,"0"
25932,"0"
25933,"0"
25934,"1"
25935,"0"
25936,"0"
25937,"1"
25938,"0"
25939,"0"
25940,"0"
25941,"0"
25942,"0"
25943,"1"
25944,"0"
25945,"1"
25946,"1"
25947,"0"
25948,"0"
25949,"0"
25950,"0"
25951,"0"
25952,"1"
25953,"0"
25954,"1"
25955,"0"
25956,"0"
25957,"0"
25958,"0"
25959,"1"
25960,"0"
25961,"0"
25962,"0"
25963,"1"
25964,"1"
25965,"0"
25966,"0"
25967,"1"
25968,"0"
25969,"0"
25970,"0"
25971,"0"
25972,"1"
25973,"0"
25974,"0"
25975,"0"
25976,"0"
25977,"0"
25978,"0"
25979,"0"
25980,"0"
25981,"1"
25982,"0"
25983,"0"
25984,"0"
25985,"0"
25986,"0"
25987,"0"
25988,"0"
25989,"1"
25990,"0"
25991,"0"
25992,"0"
25993,"0"
25994,"0"
25995,"0"
25996,"0"
25997,"0"
25998,"0"
25999,"0"
